,COT_COORD_X,COT_COORD_Y,COT_CONTS_NAME,DIST,COT_NATION_POINT_NUMBER,COT_NATION_BASE_AREA,COT_TEL_NO,COT_CONTS_STAT,COT_VALUE_01,COT_DONG_NAME,COT_REG_DATE,COT_EXTRA_NAME,COT_COORD_DATA,COT_MBR_MIN_X,THM_THEME_NAME,COT_MBR_MIN_Y,COT_CONTS_ID,COT_CONTS_LAN_TYPE,COT_SAN_NAME,THM_THEME_TYPE,COT_LINE_COLOR,THM_COORD_TYPE,COT_UPDATE_DATE,COT_MBR_MAX_X,COT_THEME_ID,COT_MBR_MAX_Y,COT_EXTRA_DATA_01,COT_IMG_MAIN_URL,COT_GU_NAME,COT_LINE_WEIGHT,COT_THEME_SUB_ID,COT_SLAVE_NO,RNUM,COT_ADDR_FULL_NEW,COT_KW,COT_COORD_TYPE,COT_ADDR_FULL_OLD,COT_MASTER_NO
0,127.020674236,37.589371645, Walking on Sunshine,5244.255447,다사57685454,02844,02-6012-5931,1,아니요,,2023-01-13 17:02:21,,[],,&#91;착한소비&#93;제로웨이스트상점,,11103395_1658122392322,KOR,,2,#0000FF,1,2023-01-13 17:02:21,,11103395,,,,성북구,4,1,,1,서울특별시 성북구 보문로30가길 17,#환경,1,서울특별시 성북구 동선동2가 194,
1,127.126334836,37.533707350, 카페 그뢴,15466.542859,다사66984833,05387,0507-1348-6068,1,아니요,,2023-01-13 17:02:21,,[],,&#91;착한소비&#93;제로웨이스트상점,,zerowaste_0074,KOR,,2,#0000FF,1,2023-01-13 17:02:21,,11103395,,,/smgis/ucimgs/conts/11103395/11103395_minseo92_20211220163428_1.jpg,강동구,4,1,,3,서울특별시 강동구 풍성로37길 41,#환경,1,서울특별시 강동구 성내동 139-4,
2,126.912583627,37.483568434,1.5도씨,10174.090345,다사48064286,08767,0507-1355-9173,1,서울시제로마켓|,,2023-01-13 17:02:21,,"[126.912583627, 37.483568434]",,&#91;착한소비&#93;제로웨이스트상점,,zerowaste_0024,KOR,,2,#0000FF,1,2023-03-09 14:58:29,,11103395,,,,관악구,4,3,,4,서울특별시 관악구 조원로18길 15,#환경,1,서울특별시 관악구 신림동 531,
3,127.058050888,37.558632628,CSJ COFFEE,8353.828738,다사60965112,04807,-,1,,,2023-01-13 17:02:19,,[],,&#91;착한소비&#93;제로웨이스트상점,,zerowaste_2023_046,KOR,,2,#0000FF,1,2023-01-13 17:02:19,,11103395,,,,성동구,4,1,,5,서울특별시 성동구 자동차시장길 49,#환경,1,서울특별시 성동구 용답동 250-14,
4,127.040690000,37.502400000,GS25 DX LAB점,9037.921512,다사59404489,06142,-,1,,,2023-01-13 17:02:21,,[],,&#91;착한소비&#93;제로웨이스트상점,,zerowaste_2023_018,KOR,,2,#0000FF,1,2023-01-13 17:02:21,,11103395,,,,강남구,4,1,,7,서울특별시 강남구 테헤란로 223,,1,서울특별시 강남구 역삼동 677-25,
5,126.988150000,37.565650000,HK이노엔_사내카페,1353.835385,다사54795193,04551,02-6477-0000,1,,,2023-01-13 17:02:19,,[],,&#91;착한소비&#93;제로웨이스트상점,,zerowaste_2023_031,KOR,,2,#0000FF,1,2023-01-13 17:02:19,,11103395,,,,중구,4,1,,8,서울특별시 중구 을지로 100,,1,서울특별시 중구 을지로2가 203,
6,126.926470000,37.492210000,SK T보라매 사옥_아이갓에브리씽,8660.839581,다사49304381,08708,02-840-1570,1,,,2023-01-13 17:02:22,,[],,&#91;착한소비&#93;제로웨이스트상점,,zerowaste_2023_028,KOR,,2,#0000FF,1,2023-01-13 17:02:22,,11103395,,,,관악구,4,1,,9,서울특별시 관악구 보라매로5길 1,,1,서울특별시 관악구 봉천동 729-1,
7,126.985110000,37.566490000,SK T타워_사내카페 (신세계푸드),1067.463465,다사54525202,04539,02-6100-2114,1,,,2023-01-13 17:02:20,,[],,&#91;착한소비&#93;제로웨이스트상점,,zerowaste_2023_001,KOR,,2,#0000FF,1,2023-01-13 17:02:20,,11103395,,,,중구,4,1,,10,서울특별시 중구 을지로 65,,1,서울특별시 중구 을지로2가 11,
8,126.985110000,37.566490000,SK T타워_사내카페 (후니드),1067.463465,다사54525202,04539,02-6100-2114,1,,,2023-01-13 17:02:20,,[],,&#91;착한소비&#93;제로웨이스트상점,,zerowaste_2023_002,KOR,,2,#0000FF,1,2023-01-13 17:02:20,,11103395,,,,중구,4,1,,11,서울특별시 중구 을지로 65,,1,서울특별시 중구 을지로2가 11,
9,126.892950000,37.578520000,THE YOUNG(더영),8299.844532,다사46395341,03926,0507-1493-5556,1,,,2023-01-13 17:02:21,,[],,&#91;착한소비&#93;제로웨이스트상점,,zerowaste_2023_094,KOR,,2,#0000FF,1,2023-01-13 17:02:21,,11103395,,,,마포구,4,1,,12,서울특별시 마포구 매봉산로 75,,1,서울특별시 마포구 상암동 1610,
10,127.156964748,37.557012452,㈜리싸이클시티,18240.944501,다사69705090,05225,-1588-8425,1,서울시제로마켓|,,2023-01-13 17:02:20,,"[127.156964748, 37.557012452]",,&#91;착한소비&#93;제로웨이스트상점,,11103395_1651060333290,KOR,,2,#0000FF,1,2023-03-09 15:56:58,,11103395,,,,강동구,4,5,,13,서울특별시 강동구 동남로 930,,1,서울특별시 강동구 고덕동 302,
11,126.943191527,37.499355822,감탄상회,7204.688969,다사50784460,07047,0507-1312-9324,1,서울시제로마켓|,,2023-01-13 17:02:21,,"[126.943191527, 37.499355822]",,&#91;착한소비&#93;제로웨이스트상점,,zerowaste_2022041,KOR,,2,#0000FF,1,2023-03-09 15:22:06,,11103395,,,,동작구,4,5,,15,서울특별시 동작구 양녕로29길 16,#환경,1,서울특별시 동작구 상도동 208-23,
12,126.847980000,37.530090000,곰냥콩냥드루와,13121.270832,다사42394806,07781,0507-1326-7939,1,,,2023-01-13 17:02:20,,[],,&#91;착한소비&#93;제로웨이스트상점,,zerowaste_2023_082,KOR,,2,#0000FF,1,2023-01-13 17:02:20,,11103395,,,,강서구,4,1,,18,서울특별시 강서구 강서로 24,,1,서울특별시 강서구 화곡동 894-18,
13,127.124930802,37.551128978,공기(대안생활 1호점),15079.901597,다사66875026,05242,010-9948-0716,1,아니요,,2023-01-13 17:02:19,,"[127.124930802, 37.551128978]",,&#91;착한소비&#93;제로웨이스트상점,,zerowaste_0033,KOR,,2,#0000FF,1,2023-03-09 16:15:14,,11103395,,,,강동구,4,3,,20,서울특별시 강동구 상암로 10,#환경,1,서울특별시 강동구 암사동 510-20,
14,126.906740000,37.552500000,공상온도,6894.638877,다사47595051,04021,0507-1404-0247,1,,,2023-01-13 17:02:21,,[],,&#91;착한소비&#93;제로웨이스트상점,,zerowaste_2023_091,KOR,,2,#0000FF,1,2023-01-13 17:02:21,,11103395,,,,마포구,4,1,,22,서울특별시 마포구 동교로 40,,1,서울특별시 마포구 합정동 433-1,
15,127.081920000,37.538550000,광진구청,11023.865304,다사63064888,05026,02-450-1114,1,,,2023-01-13 17:02:20,,[],,&#91;착한소비&#93;제로웨이스트상점,,zerowaste_2023_051,KOR,,2,#0000FF,1,2023-01-13 17:02:20,,11103395,,,,광진구,4,1,,23,서울특별시 광진구 자양로 117,,1,서울특별시 광진구 자양동 777,
16,126.888110000,37.495740000,구로구청,11034.894800,다사45914422,08284,02-860-2114,1,,,2023-01-13 17:02:20,,[],,&#91;착한소비&#93;제로웨이스트상점,,zerowaste_2023_069,KOR,,2,#0000FF,1,2023-01-13 17:02:20,,11103395,,,,구로구,4,1,,24,서울특별시 구로구 가마산로 245,,1,서울특별시 구로구 구로동 435,
17,126.888110000,37.495740000,구로구청 카페_카페95,11034.894800,다사45914422,08284,02-860-2146,1,,,2023-01-13 17:02:20,,[],,&#91;착한소비&#93;제로웨이스트상점,,zerowaste_2023_070,KOR,,2,#0000FF,1,2023-01-13 17:02:20,,11103395,,,,구로구,4,1,,25,서울특별시 구로구 가마산로 245,,1,서울특별시 구로구 구로동 435,
18,126.998396037,37.609899734,국민대학교 교내카페 (카페나무),5152.453121,다사55725683,02707,02-910-4114,1,,,2023-01-13 17:02:22,,[],,&#91;착한소비&#93;제로웨이스트상점,,zerowaste_2023_078,KOR,,2,#0000FF,1,2023-01-13 17:02:22,,11103395,,,,성북구,4,1,,26,서울특별시 성북구 정릉로 119-39,,1,서울특별시 성북구 정릉동 산 1-79,
19,126.967257572,37.525629570,굿바이마켓,3923.186030,다사52924750,04387,070-4369-5982,1,아니요,,2023-01-13 17:02:22,,"[126.967257572, 37.52562957]",,&#91;착한소비&#93;제로웨이스트상점,,11103395_1651060736954,KOR,,2,#0000FF,1,2023-03-09 16:22:54,,11103395,,,,용산구,4,4,,27,서울특별시 용산구 서빙고로 17,#환경,1,서울특별시 용산구 한강로3가 98,
20,126.896040000,37.457070000,금천구청,13286.359706,다사46583993,08611,02-2627-2114,1,,,2023-01-13 17:02:20,,[],,&#91;착한소비&#93;제로웨이스트상점,,zerowaste_2023_073,KOR,,2,#0000FF,1,2023-01-13 17:02:20,,11103395,,,,금천구,4,1,,28,서울특별시 금천구 시흥대로73길 70,,1,서울특별시 금천구 시흥동 1020,
21,126.909702562,37.604340696,꿈꾸는 고래,7641.537177,다사47895626,03431,070-7809-7482,1,아니요,,2023-01-13 17:02:19,,[],,&#91;착한소비&#93;제로웨이스트상점,,zerowaste_0056,KOR,,2,#0000FF,1,2023-01-13 17:02:19,,11103395,,,,은평구,4,1,,30,서울특별시 은평구 갈현로9길 5-16,#환경,1,서울특별시 은평구 역촌동 72-7,
22,126.958040000,37.517660000,노들섬(블루메쯔),4938.328791,다사52104662,04427,0507-1375-6658,1,,,2023-01-13 17:02:21,,[],,&#91;착한소비&#93;제로웨이스트상점,,zerowaste_2023_023,KOR,,2,#0000FF,1,2023-01-13 17:02:21,,11103395,,,,용산구,4,1,,32,서울특별시 용산구 양녕로 445,,1,서울특별시 용산구 이촌동 302-146,
23,126.958040000,37.517660000,노들섬A(노들펍),4938.328791,다사52104662,04427,0507-1343-7951,1,,,2023-01-13 17:02:22,,[],,&#91;착한소비&#93;제로웨이스트상점,,zerowaste_2023_020,KOR,,2,#0000FF,1,2023-01-13 17:02:22,,11103395,,,,용산구,4,1,,33,서울특별시 용산구 양녕로 445,,1,서울특별시 용산구 이촌동 302-146,
24,126.958040000,37.517660000,노들섬B,4938.328791,다사52104662,04427,-,1,,,2023-01-13 17:02:21,,[],,&#91;착한소비&#93;제로웨이스트상점,,zerowaste_2023_021,KOR,,2,#0000FF,1,2023-01-13 17:02:21,,11103395,,,,용산구,4,1,,34,서울특별시 용산구 양녕로 445,,1,서울특별시 용산구 이촌동 302-146,
25,126.958040000,37.517660000,노들섬C(올두바이),4938.328791,다사52104662,04427,0507-1372-1986,1,,,2023-01-13 17:02:19,,[],,&#91;착한소비&#93;제로웨이스트상점,,zerowaste_2023_022,KOR,,2,#0000FF,1,2023-01-13 17:02:19,,11103395,,,,용산구,4,1,,35,서울특별시 용산구 양녕로 445,,1,서울특별시 용산구 이촌동 302-146,
26,126.958040000,37.517660000,노들섬D,4938.328791,다사52104662,04427,-,1,,,2023-01-13 17:02:20,,[],,&#91;착한소비&#93;제로웨이스트상점,,zerowaste_2023_024,KOR,,2,#0000FF,1,2023-01-13 17:02:20,,11103395,,,,용산구,4,1,,36,서울특별시 용산구 양녕로 445,,1,서울특별시 용산구 이촌동 302-146,
27,127.056280000,37.654510000,노원구청,12174.170126,다사60866176,01689,02-2116-3114,1,,,2023-01-13 17:02:21,,[],,&#91;착한소비&#93;제로웨이스트상점,,zerowaste_2023_076,KOR,,2,#0000FF,1,2023-01-13 17:02:21,,11103395,,,,노원구,4,1,,37,서울특별시 노원구 노해로 437,,1,서울특별시 노원구 상계동 701-1,
28,127.056280000,37.654510000,노원구청 카페_노원437,12174.170126,다사60866176,01689,02-2116-3510,1,,,2023-01-13 17:02:21,,[],,&#91;착한소비&#93;제로웨이스트상점,,zerowaste_2023_077,KOR,,2,#0000FF,1,2023-01-13 17:02:21,,11103395,,,,노원구,4,1,,38,서울특별시 노원구 노해로 437,,1,서울특별시 노원구 상계동 701-1,
29,126.840380850,37.539151806,놀자샵,13662.064483,다사41724907,07720,02-6339-0979,1,서울시제로마켓|,,2023-01-13 17:02:21,,"[126.84038085, 37.539151806]",,&#91;착한소비&#93;제로웨이스트상점,,zerowaste_2022002,KOR,,2,#0000FF,1,2023-03-09 14:28:42,,11103395,,,,강서구,4,3,,39,서울특별시 강서구 강서로29길 27,#환경,1,서울특별시 강서구 화곡동 400-13,
30,126.928184397,37.561031680,늘보따리,4661.502023,다사49495145,03784,02-2658-0561,1,서울시제로마켓|,,2023-01-13 17:02:20,,"[126.928185, 37.56103]",,&#91;착한소비&#93;제로웨이스트상점,,zerowaste_0071,KOR,,2,#0000FF,1,2023-03-09 16:51:08,,11103395,,,/smgis/ucimgs/conts/11103395/11103395_zerowaste_20230309163613_1.png,서대문구,4,3,,40,서울특별시 서대문구 연희로4길 24,"#공간,#환경",1,서울특별시 서대문구 창천동 403,
31,127.000730000,37.569140000,니트앤커피,2650.889143,다사55915231,04546,0507-1393-3413,1,,,2023-01-13 17:02:21,,[],,&#91;착한소비&#93;제로웨이스트상점,,zerowaste_2023_036,KOR,,2,#0000FF,1,2023-01-13 17:02:21,,11103395,,,,중구,4,1,,41,서울특별시 중구 청계천로 208,,1,서울특별시 중구 주교동 24-1,
32,126.919933605,37.614077868,다-용도실,7410.534654,다사48805734,03387,010-6838-3538,1,아니요,,2023-01-13 17:02:21,,[],,&#91;착한소비&#93;제로웨이스트상점,,zerowaste_0057,KOR,,2,#0000FF,1,2023-01-13 17:02:21,,11103395,,,,은평구,4,1,,42,서울특별시 은평구 연서로20길 17,#환경,1,서울특별시 은평구 대조동 215-28,
33,126.952582229,37.477608850,다숲,8932.158353,다사51594218,08791,02-877-0110,1,서울시제로마켓|,,2023-01-13 17:02:20,,"[126.952582229, 37.47760885]",,&#91;착한소비&#93;제로웨이스트상점,,zerowaste_2022044,KOR,,2,#0000FF,1,2023-03-09 15:17:05,,11103395,,,,관악구,4,3,,44,서울특별시 관악구 관악로 140,#환경,1,서울특별시 관악구 봉천동 1597-17,
34,126.987080000,37.565110000,"대신증권A,B,C_사내카페",1242.215058,다사54705187,04538,-,1,,,2023-01-13 17:02:20,,[],,&#91;착한소비&#93;제로웨이스트상점,,zerowaste_2023_030,KOR,,2,#0000FF,1,2023-01-13 17:02:20,,11103395,,,,중구,4,1,,45,서울특별시 중구 삼일대로 343,,1,서울특별시 중구 저동1가 114,
35,126.833171500,37.560612500,댄싱컵,14156.770450,다사41105145,07802,02-3663-7588,1,,,2023-01-13 17:02:20,,[],,&#91;착한소비&#93;제로웨이스트상점,,zerowaste_2023_056,KOR,,2,#0000FF,1,2023-01-13 17:02:20,,11103395,,,,강서구,4,1,,46,서울특별시 강서구 마곡동로 61,,1,서울특별시 강서구 마곡동 772-8,
36,126.891430758,37.452988185,더금하제로마켓,13888.802364,다사46173948,08600,,1,서울시제로마켓|,,2023-01-13 17:02:21,,"[126.89143, 37.452988]",,&#91;착한소비&#93;제로웨이스트상점,,zerowaste_2022027,KOR,,2,#0000FF,1,2023-03-29 09:49:49,,11103395,,,,금천구,4,3,,47,서울특별시 금천구 금하로1다길 16,#환경,1,서울특별시 금천구 독산동 1118-8,
37,126.992390000,37.564150000,더데일리카페인을지로,1769.500000,다사55175176,04555,0507-1334-6928,1,,,2023-01-13 17:02:21,,[],,&#91;착한소비&#93;제로웨이스트상점,,zerowaste_2023_037,KOR,,2,#0000FF,1,2023-01-13 17:02:21,,11103395,,,,중구,4,1,,48,서울특별시 중구 마른내로2길 6,,1,서울특별시 중구 초동 70-8,
38,126.984974747,37.566445492,더라운지,1053.292371,다사54515202,04539,,1,서울형다회용컵(리유저블컵),,2023-01-13 17:02:20,,[],,&#91;착한소비&#93;제로웨이스트상점,,11103395_1655169282204,KOR,,2,#0000FF,1,2023-01-13 17:02:20,,11103395,,,,중구,4,1,,49,서울특별시 중구 을지로 65,#환경,1,서울특별시 중구 을지로2가 11,
39,127.025096436,37.502463178,더바디샵 강남대로점,7965.907832,다사58024490,06611,02-3482-4526,1,아니요,,2023-01-13 17:02:20,,[],,&#91;착한소비&#93;제로웨이스트상점,,zerowaste_0043,KOR,,2,#0000FF,1,2023-01-13 17:02:20,,11103395,,,,서초구,4,3,,50,서울특별시 서초구 강남대로 449,#환경,1,서울특별시 서초구 서초동 1304-2,
40,126.984936922,37.566487420,더테이블,1050.526052,다사54515202,04539,,1,서울형다회용컵(리유저블컵),,2023-01-13 17:02:21,,[],,&#91;착한소비&#93;제로웨이스트상점,,11103395_1655169224240,KOR,,2,#0000FF,1,2023-01-13 17:02:21,,11103395,,,,중구,4,1,,51,서울특별시 중구 을지로 65,,1,서울특별시 중구 을지로2가 11,
41,127.023036710,37.502681610,덕분애,7820.028066,다사57844493,06609,02-6959-4479,1,서울시제로마켓|,,2023-01-13 17:02:21,,"[127.02303671, 37.50268161]",,&#91;착한소비&#93;제로웨이스트상점,,zerowaste_0046,KOR,,2,#0000FF,1,2023-03-09 15:34:54,,11103395,,,,서초구,4,3,,53,서울특별시 서초구 서운로26길 11,"#환경,#공간",1,서울특별시 서초구 서초동 1302-37,
42,127.069585312,37.665704082,동네방네,13898.706013,다사62036299,01657,02-938-3583,1,아니요,,2023-01-13 17:02:21,,[],,&#91;착한소비&#93;제로웨이스트상점,,zerowaste_2022003,KOR,,2,#0000FF,1,2023-01-13 17:02:21,,11103395,,,,노원구,4,3,,54,서울특별시 노원구 한글비석로24라길 87,#환경,1,서울특별시 노원구 상계동 135-34,
43,127.060762697,37.654945030,되살림가게_새록1호점,12510.549924,다사61256180,01695,02-930-0369,1,아니요,,2023-01-13 17:02:20,,[],,&#91;착한소비&#93;제로웨이스트상점,,zerowaste_0062,KOR,,2,#0000FF,1,2023-01-13 17:02:20,,11103395,,,,노원구,4,5,,55,서울특별시 노원구 동일로 1414,#환경,1,서울특별시 노원구 상계동 713,
44,126.913995463,37.612675655,두레생협(구산점),7771.211608,다사48285718,03411,02-385-6233,1,서울시제로마켓,,2023-01-13 17:02:20,,[],,&#91;착한소비&#93;제로웨이스트상점,,zerowaste_2022045,KOR,,2,#0000FF,1,2023-01-13 17:02:20,,11103395,,,,은평구,4,3,,57,서울특별시 은평구 서오릉로 175,#환경,1,서울특별시 은평구 구산동 198-1,
45,126.889631348,37.486575150,두레생협(남구로점),11512.463787,다사46034321,08372,02-838-5615,1,서울시제로마켓|,,2023-01-13 17:02:22,,"[126.889631348, 37.48657515]",,&#91;착한소비&#93;제로웨이스트상점,,zerowaste_2022013,KOR,,2,#0000FF,1,2023-03-09 14:55:44,,11103395,,,,구로구,4,3,,58,서울특별시 구로구 도림로12길 27,#환경,1,서울특별시 구로구 구로동 781-7,
46,126.935165303,37.601112920,두레생협(녹번역점),5411.889134,다사50145589,03382,02-6010-6233,1,서울시제로마켓,,2023-01-13 17:02:20,,[],,&#91;착한소비&#93;제로웨이스트상점,,zerowaste_2022021,KOR,,2,#0000FF,1,2023-01-13 17:02:20,,11103395,,,,은평구,4,3,,59,서울특별시 은평구 은평로 245,#환경,1,서울특별시 은평구 녹번동 48-5,
47,127.039471626,37.486903940,두레생협(도곡점),10081.153238,다사59284317,06270,02-3462-7117,1,서울시제로마켓|,,2023-01-13 17:02:20,,"[127.039471626, 37.48690394]",,&#91;착한소비&#93;제로웨이스트상점,,zerowaste_2022016,KOR,,2,#0000FF,1,2023-03-09 15:35:30,,11103395,,,,강남구,4,3,,60,서울특별시 강남구 남부순환로365길 22,#환경,1,서울특별시 강남구 도곡동 903-9,
48,127.018667644,37.619038491,두레생협(미아점),7033.022014,다사57525784,01194,02-980-0450,1,서울시제로마켓,,2023-01-13 17:02:20,,[],,&#91;착한소비&#93;제로웨이스트상점,,zerowaste_2022015,KOR,,2,#0000FF,1,2023-01-13 17:02:20,,11103395,,,,강북구,4,3,,61,서울특별시 강북구 삼양로27길 46,,1,서울특별시 강북구 미아동 698-29,
49,126.920548929,37.593633791,두레생협(백련산점),6165.298806,다사48845507,03466,02-6748-6233,1,서울시제로마켓,,2023-01-13 17:02:21,,[],,&#91;착한소비&#93;제로웨이스트상점,,zerowaste_2022046,KOR,,2,#0000FF,1,2023-01-13 17:02:21,,11103395,,,,은평구,4,3,,62,서울특별시 은평구 응암로22길 21,#환경,1,서울특별시 은평구 응암동 419-100,
50,126.912130421,37.575612561,두레생협(북가좌점),6360.594980,다사48095307,03709,02-305-0518,1,서울시제로마켓|,,2023-01-13 17:02:21,,"[126.912130421, 37.575612561]",,&#91;착한소비&#93;제로웨이스트상점,,zerowaste_2022018,KOR,,2,#0000FF,1,2023-03-09 16:49:57,,11103395,,,,서대문구,4,3,,63,서울특별시 서대문구 수색로 100,,1,서울특별시 서대문구 북가좌동 478,
51,126.942898230,37.505427545,두레생협(상도점),6677.844940,다사50764527,06921,02-826-3385,1,서울시제로마켓|,,2023-01-13 17:02:21,,"[126.94289823, 37.505427545]",,&#91;착한소비&#93;제로웨이스트상점,,서울시 동작구 상도로 217-4,KOR,,2,#0000FF,1,2023-03-09 15:18:06,,11103395,,,,동작구,4,3,,64,서울특별시 동작구 상도로 217-4,#환경,1,서울특별시 동작구 상도동 26-27,
52,126.911210824,37.558827972,두레생협(성산점),6370.686450,다사47995121,03968,02-3141-0518,1,서울시제로마켓|,,2023-01-13 17:02:20,,"[126.911210824, 37.558827972]",,&#91;착한소비&#93;제로웨이스트상점,,zerowaste_2022020,KOR,,2,#0000FF,1,2023-03-09 16:25:31,,11103395,,,,마포구,4,3,,65,서울특별시 마포구 성미산로 27,#환경,1,서울특별시 마포구 성산동 245-44,
53,126.915682007,37.600008363,두레생협(응암역점),6905.328044,다사48425578,03421,02-356-6233,1,서울시제로마켓,,2023-01-13 17:02:21,,[],,&#91;착한소비&#93;제로웨이스트상점,,zerowaste_2022022,KOR,,2,#0000FF,1,2023-01-13 17:02:21,,11103395,,,,은평구,4,3,,66,서울특별시 은평구 연서로 9,#환경,1,서울특별시 은평구 역촌동 85-12,
54,126.969103540,37.578199805,두레생협(종로점),1512.155566,다사53125333,03039,02-735-7161,1,서울시제로마켓,,2023-01-13 17:02:20,,[],,&#91;착한소비&#93;제로웨이스트상점,,zerowaste_2022017,KOR,,2,#0000FF,1,2023-01-13 17:02:20,,11103395,,,,종로구,4,3,,67,서울특별시 종로구 필운대로 23,#환경,1,서울특별시 종로구 누하동 251,
55,127.030613230,37.603409620,두레생협(종암점),6832.397975,다사58565610,02802,02-924-0450,1,서울시제로마켓,,2023-01-13 17:02:21,,[],,&#91;착한소비&#93;제로웨이스트상점,,zerowaste_2022051,KOR,,2,#0000FF,1,2023-01-13 17:02:21,,11103395,,,,성북구,4,3,,68,서울특별시 성북구 종암로21길 124,#환경,1,서울특별시 성북구 종암동 124-50,
56,126.921093030,37.640807611,두레생협(진관점),9353.908548,다사48926030,03301,02-352-6233,1,서울시제로마켓,,2023-01-13 17:02:21,,[],,&#91;착한소비&#93;제로웨이스트상점,,zerowaste_2022023,KOR,,2,#0000FF,1,2023-01-13 17:02:21,,11103395,,,,은평구,4,3,,69,서울특별시 은평구 진관3로 67,#환경,1,서울특별시 은평구 진관동 22,
57,126.919920000,37.530000000,드롭탑 서여의도점,6454.861056,다사48744801,07238,02-3775-3230,1,,,2023-01-13 17:02:20,,[],,&#91;착한소비&#93;제로웨이스트상점,,zerowaste_2023_041,KOR,,2,#0000FF,1,2023-01-13 17:02:20,,11103395,,,,영등포구,4,1,,70,서울특별시 영등포구 국회대로70길 7,,1,서울특별시 영등포구 여의도동 14-2,
58,126.915120000,37.547910000,디벙크,6174.883177,다사48335000,04072,02-6930-5598,1,,,2023-01-13 17:02:20,,[],,&#91;착한소비&#93;제로웨이스트상점,,zerowaste_2023_095,KOR,,2,#0000FF,1,2023-01-13 17:02:20,,11103395,,,,마포구,4,1,,71,서울특별시 마포구 성지1길 30,,1,서울특별시 마포구 합정동 366-1,
59,126.832720000,37.560630000,라데팡스,14201.862915,다사41065146,07802,0507-1346-6585,1,,,2023-01-13 17:02:21,,[],,&#91;착한소비&#93;제로웨이스트상점,,zerowaste_2023_054,KOR,,2,#0000FF,1,2023-01-13 17:02:21,,11103395,,,,강서구,4,1,,73,서울특별시 강서구 마곡중앙6로 45,,1,서울특별시 강서구 마곡동 772-5,
60,126.979510000,37.566820000,라라당,550.573565,다사54035206,04523,-,1,,,2023-01-13 17:02:22,,[],,&#91;착한소비&#93;제로웨이스트상점,,zerowaste_2023_016,KOR,,2,#0000FF,1,2023-01-13 17:02:22,,11103395,,,,중구,4,1,,74,서울특별시 중구 남대문로9길 51,,1,서울특별시 중구 을지로1가 32,
61,127.025872201,37.639081279,로담,9074.030237,다사58166006,01074,02-999-15830,1,아니요,,2023-01-13 17:02:21,,[],,&#91;착한소비&#93;제로웨이스트상점,,zerowaste_0027,KOR,,2,#0000FF,1,2023-01-13 17:02:21,,11103395,,,,강북구,4,1,,75,서울특별시 강북구 도봉로89길 9,#환경,1,서울특별시 강북구 수유동 191-43,
62,126.981360000,37.573340000,로코랩,1135.245898,다사54205278,03144,02-3210-3258,1,,,2023-01-13 17:02:22,,[],,&#91;착한소비&#93;제로웨이스트상점,,zerowaste_2023_025,KOR,,2,#0000FF,1,2023-01-13 17:02:22,,11103395,,,,종로구,4,1,,76,서울특별시 종로구 율곡로4길 51,,1,서울특별시 종로구 수송동 46-13,
63,127.021961002,37.521774252,르라보 가로수길점,6348.054004,다사57754704,06028,02-541-7945,1,아니요,,2023-01-13 17:02:22,,[],,&#91;착한소비&#93;제로웨이스트상점,,zerowaste_0037,KOR,,2,#0000FF,1,2023-01-13 17:02:22,,11103395,,,,강남구,4,3,,77,서울특별시 강남구 압구정로10길 28,#환경,1,서울특별시 강남구 신사동 524-31,
64,127.026193905,37.639570226,리트리트 커피 로스터즈,9132.550414,다사58196011,01074,0507-1362-7847,1,아니요,,2023-01-13 17:02:20,,[],,&#91;착한소비&#93;제로웨이스트상점,,zerowaste_0030,KOR,,2,#0000FF,1,2023-01-13 17:02:20,,11103395,,,,강북구,4,1,,80,서울특별시 강북구 한천로139길 11,#환경,1,서울특별시 강북구 수유동 191-57,
65,127.078900615,37.618552543,마을과마디_새록,11755.189017,다사62835776,01803,02-977-1318,1,아니요,,2023-01-13 17:02:21,,[],,&#91;착한소비&#93;제로웨이스트상점,,zerowaste_0064,KOR,,2,#0000FF,1,2023-01-13 17:02:21,,11103395,,,,노원구,4,1,,82,서울특별시 노원구 화랑로 464,#환경,1,서울특별시 노원구 공릉동 657-7,
66,126.901731111,37.566087680,마포구청,7298.961366,다사47165202,03937,02-3153-8114,1,,,2023-01-13 17:02:20,,[],,&#91;착한소비&#93;제로웨이스트상점,,zerowaste_2023_071,KOR,,2,#0000FF,1,2023-01-13 17:02:20,,11103395,,,,마포구,4,1,,83,서울특별시 마포구 월드컵로 212,,1,서울특별시 마포구 성산동 370,
67,126.901731111,37.566087680,마포구청 카페_티타임,7298.961366,다사47165202,03937,070-4237-6538,1,,,2023-01-13 17:02:22,,[],,&#91;착한소비&#93;제로웨이스트상점,,zerowaste_2023_072,KOR,,2,#0000FF,1,2023-01-13 17:02:22,,11103395,,,,마포구,4,1,,84,서울특별시 마포구 월드컵로 212,,1,서울특별시 마포구 성산동 370,
68,126.870680000,37.546590000,매듭달,10548.684195,다사44404988,07948,010-9310-1507,1,,,2023-01-13 17:02:22,,[],,&#91;착한소비&#93;제로웨이스트상점,,zerowaste_2023_090,KOR,,2,#0000FF,1,2023-01-13 17:02:22,,11103395,,,,양천구,4,1,,85,서울특별시 양천구 목동중앙북로 68,,1,서울특별시 양천구 목동 966,
69,126.894140000,37.578060000,모카리아,8174.714750,다사46505335,03927,02-372-9990,1,,,2023-01-13 17:02:20,,[],,&#91;착한소비&#93;제로웨이스트상점,,zerowaste_2023_092,KOR,,2,#0000FF,1,2023-01-13 17:02:20,,11103395,,,,마포구,4,1,,86,서울특별시 마포구 월드컵북로44길 76-12,,1,서울특별시 마포구 상암동 11-7,
70,126.814703900,37.578569600,목카페,16063.958710,다사39485346,07512,02-2661-8265,1,,,2023-01-13 17:02:20,,[],,&#91;착한소비&#93;제로웨이스트상점,,zerowaste_2023_087,KOR,,2,#0000FF,1,2023-01-13 17:02:20,,11103395,,,,강서구,4,1,,88,서울특별시 강서구 금낭화로24길 29-5,,1,서울특별시 강서구 방화동 345-9,
71,126.832720000,37.560630000,몽슈크레,14201.862915,다사41065146,07802,-,1,,,2023-01-13 17:02:19,,[],,&#91;착한소비&#93;제로웨이스트상점,,zerowaste_2023_055,KOR,,2,#0000FF,1,2023-01-13 17:02:19,,11103395,,,,강서구,4,1,,89,서울특별시 강서구 마곡중앙6로 45,,1,서울특별시 강서구 마곡동 772-5,
72,126.931186954,37.642407860,물푸레지구살림,8953.905694,다사49816047,03303,02-356-9410,1,,,2023-01-13 17:02:20,,[],,&#91;착한소비&#93;제로웨이스트상점,,zerowaste_202202,KOR,,2,#0000FF,1,2023-01-13 17:02:20,,11103395,,,,은평구,4,4,,90,서울특별시 은평구 진관4로 48-51,,1,서울특별시 은평구 진관동 10,
73,127.024094963,37.639702739,민박컾,9026.944508,다사58016013,01072,070-7779-5219,1,아니요,,2023-01-13 17:02:20,,[],,&#91;착한소비&#93;제로웨이스트상점,,zerowaste_0026,KOR,,2,#0000FF,1,2023-01-13 17:02:20,,11103395,,,,강북구,4,1,,91,서울특별시 강북구 노해로14길 24,#환경,1,서울특별시 강북구 수유동 222-55,
74,126.898769580,37.521084917,밋자인,8728.843438,다사46874703,07266,070-7722-9808,1,아니요,,2023-01-13 17:02:21,,"[126.89876958, 37.521084917]",,&#91;착한소비&#93;제로웨이스트상점,,zerowaste_0019,KOR,,2,#0000FF,1,2023-03-09 14:40:16,,11103395,,,,영등포구,4,4,,92,서울특별시 영등포구 영등포로 155,#환경,1,서울특별시 영등포구 당산동1가 53-2,
75,126.858604242,37.521299158,바느질하는 바리스타,12374.675250,다사43324708,08086,,1,서울시제로마켓|,,2023-01-13 17:02:20,,"[126.858604242, 37.521299158]",,&#91;착한소비&#93;제로웨이스트상점,,zerowaste_2022008,KOR,,2,#0000FF,1,2023-03-09 14:37:03,,11103395,,,,양천구,4,3,,93,서울특별시 양천구 은행정로5길 12,#환경,1,서울특별시 양천구 신정동 1026-16,
76,127.082034035,37.601451021,보탬상점,11363.553407,다사63105586,02089,010-2175-2026,1,아니요,,2023-01-13 17:02:22,,[],,&#91;착한소비&#93;제로웨이스트상점,,zerowaste_0055,KOR,,2,#0000FF,1,2023-01-13 17:02:22,,11103395,,,,중랑구,4,3,,94,서울특별시 중랑구 봉화산로22길 2,#환경,1,서울특별시 중랑구 중화동 455,
77,126.928474712,37.575221967,보틀라운지,4752.792312,다사49535302,03695,02-3144-0703,1,아니요,,2023-01-13 17:02:21,,[],,&#91;착한소비&#93;제로웨이스트상점,,zerowaste_0013,KOR,,2,#0000FF,1,2023-01-13 17:02:21,,11103395,,,,서대문구,4,1,,95,서울특별시 서대문구 홍연길 26,#환경,1,서울특별시 서대문구 연희동 708,
78,126.986905195,37.579942453,북촌감성,1996.222517,다사54695351,03057,010-2781-1217,1,서울시제로마켓|,,2023-01-13 17:02:20,,"[126.986905195, 37.579942453]",,&#91;착한소비&#93;제로웨이스트상점,,zerowaste_0072,KOR,,2,#0000FF,1,2023-03-08 17:44:03,,11103395,,,,종로구,4,3,,97,서울특별시 종로구 계동길 60,"#공간,#환경",1,서울특별시 종로구 계동 120-1,
79,126.909700000,37.582580000,브로큰템퍼,6755.749348,다사47885385,03678,0507-1419-3250,1,,,2023-01-13 17:02:20,,[],,&#91;착한소비&#93;제로웨이스트상점,,zerowaste_2023_097,KOR,,2,#0000FF,1,2023-01-13 17:02:20,,11103395,,,,서대문구,4,1,,98,서울특별시 서대문구 불광천길 170,,1,서울특별시 서대문구 북가좌동 344-9,
80,126.934123320,37.608785420,비건카페 달냥,6031.900146,다사50055674,03371,010-5069-0919,1,아니요,,2023-01-13 17:02:20,,"[126.93412331973359, 37.60878542034869]",,&#91;착한소비&#93;제로웨이스트상점,,zerowaste_0060,KOR,,2,#0000FF,1,2023-04-07 13:39:03,,11103395,,,,은평구,4,2,,99,서울특별시 은평구 통일로 684,#환경,1,서울특별시 은평구 녹번동 5,
81,126.892370000,37.579130000,비안빈,8367.679502,다사46345347,03926,070-7551-5840,1,,,2023-01-13 17:02:20,,[],,&#91;착한소비&#93;제로웨이스트상점,,zerowaste_2023_093,KOR,,2,#0000FF,1,2023-01-13 17:02:20,,11103395,,,,마포구,4,1,,100,서울특별시 마포구 상암산로 76,,1,서울특별시 마포구 상암동 1607,
82,126.964732086,37.503075282,비유비웰,6188.199119,다사52684500,06981,02-595-6868,1,,,2023-01-13 17:02:21,,"[126.964732086, 37.503075282]",,&#91;착한소비&#93;제로웨이스트상점,,11103395_1651059305090,KOR,,2,#0000FF,1,2023-03-09 15:26:24,,11103395,,,,동작구,4,3,,101,서울특별시 동작구 흑석한강로 27,#환경,1,서울특별시 동작구 흑석동 336,
83,127.126216023,37.504458784,빛과소금,16285.472569,다사66964508,05658,,1,서울시제로마켓|,,2023-01-13 17:02:20,,"[127.126216023, 37.504458784]",,&#91;착한소비&#93;제로웨이스트상점,,zerowaste_2022038,KOR,,2,#0000FF,1,2023-03-09 15:54:44,,11103395,,,,송파구,4,3,,102,서울특별시 송파구 오금로35길 17,#환경,1,서울특별시 송파구 오금동 44,
84,126.813430000,37.553500000,빵아커피 김포공항점,16161.628236,다사39355068,07505,02-2665-0805,1,,,2023-01-13 17:02:20,,[],,&#91;착한소비&#93;제로웨이스트상점,,zerowaste_2023_019,KOR,,2,#0000FF,1,2023-01-13 17:02:20,,11103395,,,,강서구,4,1,,104,서울특별시 강서구 하늘길 233,,1,서울특별시 강서구 공항동 1373-5,
85,126.943070000,37.551470000,서강대학교,3407.232051,다사50805038,04107,02-705-8114,1,,,2023-01-13 17:02:22,,[],,&#91;착한소비&#93;제로웨이스트상점,,zerowaste_2023_050,KOR,,2,#0000FF,1,2023-01-13 17:02:22,,11103395,,,,마포구,4,1,,105,서울특별시 마포구 백범로 35,,1,서울특별시 마포구 신수동 1-1,
86,126.936770000,37.579120000,서대문구청,4077.261980,다사50265345,03718,02-330-1301,1,,,2023-01-13 17:02:21,,[],,&#91;착한소비&#93;제로웨이스트상점,,zerowaste_2023_064,KOR,,2,#0000FF,1,2023-01-13 17:02:21,,11103395,,,,서대문구,4,1,,106,서울특별시 서대문구 연희로 248,,1,서울특별시 서대문구 연희동 168-6,
87,126.936770000,37.579120000,서대문구청내 카페_하이천사,4077.261980,다사50265345,03718,02-3144-3231,1,,,2023-01-13 17:02:21,,[],,&#91;착한소비&#93;제로웨이스트상점,,zerowaste_2023_065,KOR,,2,#0000FF,1,2023-01-13 17:02:21,,11103395,,,,서대문구,4,1,,107,서울특별시 서대문구 연희로 248,,1,서울특별시 서대문구 연희동 168-6,
88,126.975610000,37.564580000,서소문청사 1동,101.100198,다사53685182,04515,-,1,,,2023-01-13 17:02:22,,[],,&#91;착한소비&#93;제로웨이스트상점,,zerowaste_2023_043,KOR,,2,#0000FF,1,2023-01-13 17:02:22,,11103395,,,,중구,4,1,,108,서울특별시 중구 덕수궁길 15,,1,서울특별시 중구 서소문동 37,
89,126.974294379,37.564627092,서소문청사 후생동 (네스카페),62.298793,다사53575182,04515,02-120,1,,,2023-01-13 17:02:21,,"[126.97429437946299, 37.56462709182623]",,&#91;착한소비&#93;제로웨이스트상점,,zerowaste_2023_060,KOR,,2,#0000FF,1,2023-04-07 13:31:43,,11103395,,,,중구,4,1,,109,서울특별시 중구 덕수궁길 15,,1,서울특별시 중구 서소문동 37,
90,126.974741882,37.564593041,서울시의회 의원회관,44.551459,다사53615182,04515,,1,,,2023-01-13 17:02:20,,"[126.97474188219174, 37.56459304110246]",,&#91;착한소비&#93;제로웨이스트상점,,zerowaste_2023_048,KOR,,2,#0000FF,1,2023-04-07 13:31:57,,11103395,,,,중구,4,1,,110,서울특별시 중구 덕수궁길 15,,1,서울특별시 중구 서소문동 37,
91,126.978401701,37.566677752,서울시청 본청,448.655352,다사53935205,04524,02-120,1,,,2023-01-13 17:02:22,,"[126.978401700752, 37.56667775240128]",,&#91;착한소비&#93;제로웨이스트상점,,zerowaste_2023_014,KOR,,2,#0000FF,1,2023-04-07 13:33:19,,11103395,,,,중구,4,1,,111,서울특별시 중구 세종대로 110,,1,서울특별시 중구 태평로1가 31,
92,127.032680000,37.483640000,서초구청,9921.754041,다사58684281,06750,02-2155-6114,1,,,2023-01-13 17:02:21,,[],,&#91;착한소비&#93;제로웨이스트상점,,zerowaste_2023_068,KOR,,2,#0000FF,1,2023-01-13 17:02:21,,11103395,,,,서초구,4,1,,112,서울특별시 서초구 남부순환로 2584,,1,서울특별시 서초구 서초동 1376-3,
93,126.947048658,37.595980469,셉틱탱크,4216.039590,다사51185531,03619,0507-1343-4174,1,서울시제로마켓,,2023-01-13 17:02:22,,[],,&#91;착한소비&#93;제로웨이스트상점,,zerowaste_2022049,KOR,,2,#0000FF,1,2023-01-13 17:02:22,,11103395,,,,서대문구,4,3,,114,서울특별시 서대문구 간호대로3길 24-8,#환경,1,서울특별시 서대문구 홍제동 287-216,
94,126.846410000,37.531780000,소나카페테라,13230.592627,다사42254825,07774,02-2065-1810,1,,,2023-01-13 17:02:21,,[],,&#91;착한소비&#93;제로웨이스트상점,,zerowaste_2023_089,KOR,,2,#0000FF,1,2023-01-13 17:02:21,,11103395,,,,강서구,4,1,,115,서울특별시 강서구 강서로 45,,1,서울특별시 강서구 화곡동 343-51,
95,127.125450166,37.533453073,송포어스,15384.869646,다사66904830,05387,070-8095-3534,1,서울시제로마켓|,,2023-01-13 17:02:20,,"[127.125450166, 37.533453073]",,&#91;착한소비&#93;제로웨이스트상점,,zerowaste_0034,KOR,,2,#0000FF,1,2023-03-09 16:17:12,,11103395,,,,강동구,4,3,,116,서울특별시 강동구 풍성로35길 34,#환경,1,서울특별시 강동구 성내동 288-4,
96,126.846389188,37.521502351,숨공춤공,13520.800035,다사42244711,08062,070-7576-4977,1,서울시제로마켓|,,2023-01-13 17:02:21,,"[126.846389188, 37.521502351]",,&#91;착한소비&#93;제로웨이스트상점,,zerowaste_0023,KOR,,2,#0000FF,1,2023-03-09 14:35:49,,11103395,,,,양천구,4,3,,118,서울특별시 양천구 신월로 220,#환경,1,서울특별시 양천구 신월동 607-1,
97,126.987500000,37.557860000,숭의여대 본관_교내카페,1426.646855,다사54735106,04628,-,1,,,2023-01-13 17:02:20,,[],,&#91;착한소비&#93;제로웨이스트상점,,zerowaste_2023_026,KOR,,2,#0000FF,1,2023-01-13 17:02:20,,11103395,,,,중구,4,1,,119,서울특별시 중구 소파로2길 10,,1,서울특별시 중구 예장동 8-3,
98,126.987500000,37.557860000,숭의여대 음악당_드림스퀘어(카페),1426.646855,다사54735106,04628,-,1,,,2023-01-13 17:02:21,,[],,&#91;착한소비&#93;제로웨이스트상점,,zerowaste_2023_027,KOR,,2,#0000FF,1,2023-01-13 17:02:21,,11103395,,,,중구,4,1,,120,서울특별시 중구 소파로2길 10,,1,서울특별시 중구 예장동 8-3,
99,126.978760000,37.567860000,스타벅스 무교동점,550.348299,다사53965218,04520,1522-3234,1,,,2023-01-13 17:02:19,,[],,&#91;착한소비&#93;제로웨이스트상점,,zerowaste_2023_004,KOR,,2,#0000FF,1,2023-01-13 17:02:19,,11103395,,,,중구,4,1,,121,서울특별시 중구 무교로 21,#환경,1,서울특별시 중구 무교동 45,
100,126.978937700,37.567269500,스타벅스 무교로점,526.609756,다사53985211,04520,1522-3234,1,,,2023-01-13 17:02:20,,[],,&#91;착한소비&#93;제로웨이스트상점,,zerowaste_2023_005,KOR,,2,#0000FF,1,2023-01-13 17:02:20,,11103395,,,,중구,4,1,,123,서울특별시 중구 무교로 15,,1,서울특별시 중구 무교동 32-2,
101,126.982930000,37.560210000,스타벅스 별다방점,912.901008,다사54335133,04631,1522-3242,1,,,2023-01-13 17:02:20,,[],,&#91;착한소비&#93;제로웨이스트상점,,zerowaste_2023_013,KOR,,2,#0000FF,1,2023-01-13 17:02:20,,11103395,,,,중구,4,1,,125,서울특별시 중구 퇴계로 100,,1,서울특별시 중구 회현동2가 88,
102,126.974680000,37.562910000,스타벅스 서소문로점,124.009072,다사53605163,04514,1522-3232,1,,,2023-01-13 17:02:22,,[],,&#91;착한소비&#93;제로웨이스트상점,,zerowaste_2023_012,KOR,,2,#0000FF,1,2023-01-13 17:02:22,,11103395,,,,중구,4,1,,126,서울특별시 중구 서소문로 120,#환경,1,서울특별시 중구 서소문동 136,
103,126.979970000,37.566310000,스타벅스 시청 플러스점,570.010746,다사54075201,04523,1522-3243,1,서울형다회용컵(리유저블컵),,2023-01-13 17:02:21,,[],,&#91;착한소비&#93;제로웨이스트상점,,zerowaste_0084,KOR,,2,#0000FF,1,2023-01-13 17:02:21,,11103395,,,,중구,4,1,,128,서울특별시 중구 을지로 19,#환경,1,서울특별시 중구 을지로1가 50,
104,126.979970000,37.566310000,스타벅스 시청점,570.010746,다사54075201,04523,1522-3236,1,서울형다회용컵(리유저블컵),,2023-01-13 17:02:22,,[],,&#91;착한소비&#93;제로웨이스트상점,,zerowaste_2023_006,KOR,,2,#0000FF,1,2023-01-13 17:02:22,,11103395,,,,중구,4,1,,129,서울특별시 중구 을지로 19,#환경,1,서울특별시 중구 을지로1가 50,
105,126.983230000,37.567210000,스타벅스 을지로경기빌딩점,906.696338,다사54365210,04540,1522-3238,1,,,2023-01-13 17:02:20,,[],,&#91;착한소비&#93;제로웨이스트상점,,zerowaste_2023_008,KOR,,2,#0000FF,1,2023-01-13 17:02:20,,11103395,,,,중구,4,1,,132,서울특별시 중구 남대문로10길 9,#환경,1,서울특별시 중구 삼각동 115,
106,126.982260000,37.566990000,스타벅스 을지로국제빌딩점,808.052133,다사54275208,04522,1522-3237,1,,,2023-01-13 17:02:19,,[],,&#91;착한소비&#93;제로웨이스트상점,,zerowaste_2023_007,KOR,,2,#0000FF,1,2023-01-13 17:02:19,,11103395,,,,중구,4,1,,134,서울특별시 중구 남대문로 109,,1,서울특별시 중구 다동 111,
107,126.983700000,37.566500000,스타벅스 을지로내외빌딩R점,930.658503,다사54405202,04539,1522-3239,1,,,2023-01-13 17:02:21,,[],,&#91;착한소비&#93;제로웨이스트상점,,zerowaste_2023_009,KOR,,2,#0000FF,1,2023-01-13 17:02:21,,11103395,,,,중구,4,1,,135,서울특별시 중구 을지로 51,,1,서울특별시 중구 을지로2가 6,
108,126.984920000,37.566950000,스타벅스 을지로삼화타워점,1060.144448,다사54515207,04539,1522-3240,1,,,2023-01-13 17:02:20,,[],,&#91;착한소비&#93;제로웨이스트상점,,zerowaste_2023_010,KOR,,2,#0000FF,1,2023-01-13 17:02:20,,11103395,,,,중구,4,1,,138,서울특별시 중구 을지로5길 16,,1,서울특별시 중구 을지로2가 204,
109,126.977890000,37.567420000,스타벅스 한국프레스센터점,457.175295,다사53895213,04520,1522-3232,1,,,2023-01-13 17:02:21,,[],,&#91;착한소비&#93;제로웨이스트상점,,zerowaste_2023_003,KOR,,2,#0000FF,1,2023-01-13 17:02:21,,11103395,,,,중구,4,1,,139,서울특별시 중구 세종대로 124,,1,서울특별시 중구 태평로1가 25,
110,126.972190000,37.562890000,스타벅스서소문배재점,280.403727,다사53385163,04516,1522-3241,1,,,2023-01-13 17:02:22,,[],,&#91;착한소비&#93;제로웨이스트상점,,zerowaste_2023_011,KOR,,2,#0000FF,1,2023-01-13 17:02:22,,11103395,,,,중구,4,1,,141,서울특별시 중구 서소문로 99,,1,서울특별시 중구 서소문동 57-9,
111,127.060480222,37.654440117,스토어36.5노원점_새록,12454.480937,다사61236175,01689,02-3391-3650,1,서울시제로마켓|,,2023-01-13 17:02:21,,"[127.060480222, 37.654440117]",,&#91;착한소비&#93;제로웨이스트상점,,zerowaste_0067,KOR,,2,#0000FF,1,2023-03-08 17:52:38,,11103395,,,,노원구,4,5,,142,서울특별시 노원구 동일로 1411-2,#환경,1,서울특별시 노원구 상계동 729,
112,127.019285386,37.520642755,아로마티카 제로스테이션,6229.914037,다사57524692,06027,02-1600-3689,1,아니요,,2023-01-13 17:02:22,,[],,&#91;착한소비&#93;제로웨이스트상점,,zerowaste_0036,KOR,,2,#0000FF,1,2023-01-13 17:02:22,,11103395,,,,강남구,4,3,,146,서울특별시 강남구 도산대로1길 62,#환경,1,서울특별시 강남구 신사동 506,
113,127.004427164,37.591139741,아토모스,4015.529474,다사56245475,02835,02-6012-2102,1,서울시제로마켓,,2023-01-13 17:02:22,,[],,&#91;착한소비&#93;제로웨이스트상점,,zerowaste_2022052,KOR,,2,#0000FF,1,2023-01-13 17:02:22,,11103395,,,,성북구,4,3,,148,서울특별시 성북구 성북로8길 11,#환경,1,서울특별시 성북구 성북동 177-17,
114,126.911712879,37.553654753,알맹상점,6385.058947,다사48035064,04023,0507-1393-8913,1,서울시제로마켓|,,2023-01-13 17:02:20,,"[126.911712879, 37.553654753]",,&#91;착한소비&#93;제로웨이스트상점,,zerowaste_0002,KOR,,2,#0000FF,1,2023-03-09 16:25:13,,11103395,,,,마포구,4,3,,149,서울특별시 마포구 월드컵로 49,#환경,1,서울특별시 마포구 합정동 427-5,
115,126.971400314,37.554498838,알맹상점 리스테이션,1019.803333,다사53315070,04509,070-7777-1925,1,서울시제로마켓,,2023-01-13 17:02:21,,[],,&#91;착한소비&#93;제로웨이스트상점,,zerowaste_0054,KOR,,2,#0000FF,1,2023-01-13 17:02:21,,11103395,,,,중구,4,3,,150,서울특별시 중구 한강대로 405,#환경,1,서울특별시 중구 봉래동2가 122-11,
116,127.033360000,37.503470000,애니원FNC _사내카페,8440.168615,다사58754501,06126,02-470-2801,1,,,2023-01-13 17:02:21,,[],,&#91;착한소비&#93;제로웨이스트상점,,zerowaste_2023_032,KOR,,2,#0000FF,1,2023-01-13 17:02:21,,11103395,,,,강남구,4,1,,152,서울특별시 강남구 논현로99길 24,,1,서울특별시 강남구 역삼동 626-31,
117,127.034468000,37.518402000,애니원FNC 서울세관,7527.078472,다사58864666,06050,-,1,,,2023-01-13 17:02:22,,[],,&#91;착한소비&#93;제로웨이스트상점,,zerowaste_2023_059,KOR,,2,#0000FF,1,2023-01-13 17:02:22,,11103395,,,,강남구,4,1,,153,서울특별시 강남구 언주로 721,,1,서울특별시 강남구 논현동 71,
118,126.866550000,37.517060000,양천구청,11795.257151,다사44024660,08095,02-2620-3114,1,,,2023-01-13 17:02:22,,[],,&#91;착한소비&#93;제로웨이스트상점,,zerowaste_2023_074,KOR,,2,#0000FF,1,2023-01-13 17:02:22,,11103395,,,,양천구,4,1,,154,서울특별시 양천구 목동동로 105,,1,서울특별시 양천구 신정동 321-4,
119,126.866550000,37.517060000,양천구청 카페_도담,11795.257151,다사44024660,08095,-,1,,,2023-01-13 17:02:21,,[],,&#91;착한소비&#93;제로웨이스트상점,,zerowaste_2023_075,KOR,,2,#0000FF,1,2023-01-13 17:02:21,,11103395,,,,양천구,4,1,,155,서울특별시 양천구 목동동로 105,,1,서울특별시 양천구 신정동 321-4,
120,126.984424960,37.479404989,어몽트리 그림공간,8530.175268,다사54414236,06691,02-582-0553,1,서울시제로마켓|,,2023-01-13 17:02:21,,"[126.98443, 37.479404]",,&#91;착한소비&#93;제로웨이스트상점,,zerowaste_0045,KOR,,2,#0000FF,1,2023-03-10 13:53:16,,11103395,,,,서초구,4,5,,157,서울특별시 서초구 방배천로6길 33-1,#환경,1,서울특별시 서초구 방배동 465-6,
121,126.891012373,37.542084599,어짜다에코,8654.284478,다사46204936,07202,0507-1353-1547,1,서울시제로마켓|,,2023-01-13 17:02:20,,"[126.891012373, 37.542084599]",,&#91;착한소비&#93;제로웨이스트상점,,zerowaste_2022011,KOR,,2,#0000FF,1,2023-03-09 14:39:19,,11103395,,,,영등포구,4,3,,158,서울특별시 영등포구 양평로28마길 7,#환경,1,서울특별시 영등포구 양평동6가 13-1,
122,126.923217774,37.564139729,얼스어스,5147.722702,다사49065179,03983,010-7105-9413,1,아니요,,2023-01-13 17:02:20,,[],,&#91;착한소비&#93;제로웨이스트상점,,zerowaste_0042,KOR,,2,#0000FF,1,2023-01-13 17:02:20,,11103395,,,,마포구,4,1,,159,서울특별시 마포구 성미산로 150,#환경,1,서울특별시 마포구 연남동 239-49,
123,126.971258879,37.585316815,얼스어스 서촌점,2144.390321,다사53315412,03047,010-6686-8413,1,아니요,,2023-01-13 17:02:21,,[],,&#91;착한소비&#93;제로웨이스트상점,,zerowaste_0051,KOR,,2,#0000FF,1,2023-01-13 17:02:21,,11103395,,,,종로구,4,1,,160,서울특별시 종로구 자하문로28가길 1,#환경,1,서울특별시 종로구 청운동 94-1,
124,126.927301228,37.527097227,에코스토어(ecostore) 더현대서울,6015.877003,다사49394768,07335,02-767-2233,1,아니요,,2023-01-13 17:02:22,,[],,&#91;착한소비&#93;제로웨이스트상점,,zerowaste_0049,KOR,,2,#0000FF,1,2023-01-13 17:02:22,,11103395,,,,영등포구,4,3,,161,서울특별시 영등포구 여의대로 108,#환경,1,서울특별시 영등포구 여의도동 22,
125,126.909918180,37.559465169,오색오미,6494.600874,다사47885128,03969,0507-1309-6441,1,서울시제로마켓|,,2023-01-13 17:02:22,,"[126.90992, 37.559464]",,&#91;착한소비&#93;제로웨이스트상점,,zerowaste_2022029,KOR,,2,#0000FF,1,2023-03-10 15:33:08,,11103395,,,,마포구,4,5,,166,서울특별시 마포구 월드컵로26길 39,#환경,1,서울특별시 마포구 성산동 249-10,
126,127.126412633,37.510413072,올가홀푸드(방이점),16095.309128,다사66984574,05638,02-418-6255,1,서울시제로마켓|,,2023-01-13 17:02:20,,"[127.126412633, 37.510413072]",,&#91;착한소비&#93;제로웨이스트상점,,zerowaste_2022055,KOR,,2,#0000FF,1,2023-03-09 15:55:49,,11103395,,,,송파구,4,3,,169,서울특별시 송파구 양재대로71길 4,#환경,1,서울특별시 송파구 방이동 185-8,
127,127.039170000,37.575320000,용두문화복지센터 (북카페),6543.542256,다사59305298,02565,02-6929-2652,1,,,2023-01-13 17:02:21,,[],,&#91;착한소비&#93;제로웨이스트상점,,zerowaste_2023_066,KOR,,2,#0000FF,1,2023-01-13 17:02:21,,11103395,,,,동대문구,4,1,,171,서울특별시 동대문구 고산자로28길 13,,1,서울특별시 동대문구 용두동 29-3,
128,127.055839439,37.548653310,원점,8261.093984,다사60765001,04795,010-8783-4947,1,서울시제로마켓|,,2023-01-13 17:02:22,,"[127.055839439, 37.54865331]",,&#91;착한소비&#93;제로웨이스트상점,,zerowaste_0073,KOR,,2,#0000FF,1,2023-03-08 17:43:16,,11103395,,,/smgis/ucimgs/conts/11103395/11103395__20230308174316_1.jpg,성동구,4,4,,172,서울특별시 성동구 아차산로7길 42,#환경,1,서울특별시 성동구 성수동2가 289-205,
129,127.079488125,37.611968340,유카플라워&가든,11518.764121,다사62885703,02037,0507-1348-1774,1,서울시제로마켓,,2023-01-13 17:02:21,,[],,&#91;착한소비&#93;제로웨이스트상점,,zerowaste_2022012,KOR,,2,#0000FF,1,2023-01-13 17:02:21,,11103395,,,,중랑구,4,5,,175,서울특별시 중랑구 공릉로2길 28,#환경,1,서울특별시 중랑구 묵동 178-1,
130,126.928840000,37.602460000,은평구청,5975.229807,다사49585604,03384,02-351-6114,1,,,2023-01-13 17:02:21,,[],,&#91;착한소비&#93;제로웨이스트상점,,zerowaste_2023_062,KOR,,2,#0000FF,1,2023-01-13 17:02:21,,11103395,,,,은평구,4,1,,176,서울특별시 은평구 은평로 195,,1,서울특별시 은평구 녹번동 84,
131,126.928840000,37.602460000,은평구청내 카페_은마루,5975.229807,다사49585604,03384,02-351-6133,1,,,2023-01-13 17:02:22,,[],,&#91;착한소비&#93;제로웨이스트상점,,zerowaste_2023_063,KOR,,2,#0000FF,1,2023-01-13 17:02:22,,11103395,,,,은평구,4,1,,177,서울특별시 은평구 은평로 195,,1,서울특별시 은평구 녹번동 84,
132,127.028129447,37.623099333,음밥,7956.295612,다사58355828,01158,02-992-2048,1,서울시제로마켓,,2023-01-13 17:02:21,,[],,&#91;착한소비&#93;제로웨이스트상점,,zerowaste_2022034,KOR,,2,#0000FF,1,2023-01-13 17:02:21,,11103395,,,,강북구,4,5,,178,서울특별시 강북구 솔매로50길 78,#환경,1,서울특별시 강북구 미아동 126-41,
133,126.945680794,37.559285765,이화여대 학생문화관,2941.912527,다사51045124,03765,02-3277-211,1,,,2023-01-13 17:02:20,,[],,&#91;착한소비&#93;제로웨이스트상점,,zerowaste_2023_100,KOR,,2,#0000FF,1,2023-01-13 17:02:20,,11103395,,,,서대문구,4,1,,179,서울특별시 서대문구 이화여대길 54,,1,서울특별시 서대문구 대현동 33-11,
134,126.982080000,37.575130000,일리고카페자스,1323.248370,다사54265298,03144,0507-1402-9318,1,,,2023-01-13 17:02:20,,[],,&#91;착한소비&#93;제로웨이스트상점,,zerowaste_2023_045,KOR,,2,#0000FF,1,2023-01-13 17:02:20,,11103395,,,,종로구,4,1,,180,서울특별시 종로구 율곡로4길 9,,1,서울특별시 종로구 수송동 16-1,
135,127.023971164,37.605600341,일상공감_길음,6439.154531,다사57985634,02725,0507-1346-1190,1,서울시제로마켓,,2023-01-13 17:02:19,,[],,&#91;착한소비&#93;제로웨이스트상점,,11103395_1655098365215,KOR,,2,#0000FF,1,2023-01-13 17:02:19,,11103395,,,,성북구,4,3,,181,서울특별시 성북구 삼양로 27,#환경,1,서울특별시 성북구 길음동 1249,
136,126.933787051,37.608587473,자연상점,6039.991141,다사50025672,03371,02-2039-9631,1,서울시제로마켓|,,2023-01-13 17:02:19,,"[126.93378705063449, 37.60858747291422]",,&#91;착한소비&#93;제로웨이스트상점,,zerowaste_0070,KOR,,2,#0000FF,1,2023-04-07 13:42:22,,11103395,,,/smgis/ucimgs/conts/11103395/11103395_leekey78_20230407134220_1.png,은평구,4,4,,182,서울특별시 은평구 통일로 684,"#환경,#공간",1,서울특별시 은평구 녹번동 5,
137,127.072860000,37.511250000,잠실야구장 01~20,11151.133227,다사62254586,05500,02-2240-8800,1,,,2023-01-13 17:02:21,,[],,&#91;착한소비&#93;제로웨이스트상점,,zerowaste_2023_038,KOR,,2,#0000FF,1,2023-01-13 17:02:21,,11103395,,,,송파구,4,1,,183,서울특별시 송파구 올림픽로 19-2,,1,서울특별시 송파구 잠실동 10-1,
138,126.990260167,37.563995590,제로띵스,1556.593287,다사54985174,04555,02-2263-6148,1,서울시제로마켓|,,2023-01-13 17:02:20,,"[126.990260167, 37.56399559]",,&#91;착한소비&#93;제로웨이스트상점,,zerowaste_0053,KOR,,2,#0000FF,1,2023-03-08 17:54:06,,11103395,,,,중구,4,4,,185,서울특별시 중구 수표로 32-1,#환경,1,서울특별시 중구 저동2가 47-1,
139,126.882800000,37.501130000,제로마켓 프렌들리랩 NC 신구로점,11142.805493,다사45444483,08292,02-6923-2000,1,서울시제로마켓|,,2023-01-13 17:02:21,,"[126.8828, 37.50113]",,&#91;착한소비&#93;제로웨이스트상점,,zerowaste_0092,KOR,,2,#0000FF,1,2023-03-09 14:54:44,,11103395,,,,구로구,4,4,,194,서울특별시 구로구 구로중앙로 152,#환경,1,서울특별시 구로구 구로동 573,
140,127.127292114,37.534807415,제로웨이스트샵 선택지,15539.262047,다사67074845,05384,070-4141-1724,1,서울시제로마켓|,,2023-01-13 17:02:20,,"[127.127292114, 37.534807415]",,&#91;착한소비&#93;제로웨이스트상점,,zerowaste_2022007,KOR,,2,#0000FF,1,2023-03-09 16:16:24,,11103395,,,,강동구,4,3,,197,서울특별시 강동구 천호옛12길 47,#환경,1,서울특별시 강동구 성내동 30-2,
141,127.006040000,37.576650000,종로노인종합복지관,3374.550377,다사56385314,03100,02-742-9500,1,,,2023-01-13 17:02:22,,[],,&#91;착한소비&#93;제로웨이스트상점,,zerowaste_2023_099,KOR,,2,#0000FF,1,2023-01-13 17:02:22,,11103395,,,,종로구,4,1,,199,서울특별시 종로구 율곡로19길 17-8,,1,서울특별시 종로구 이화동 25-1,
142,127.087247429,37.502640674,주식회사 샘크래프트,12826.319214,다사63514489,05593,02-6203-6430,1,아니요,,2023-01-13 17:02:20,,[],,&#91;착한소비&#93;제로웨이스트상점,,zerowaste_0011,KOR,,2,#0000FF,1,2023-01-13 17:02:20,,11103395,,,,송파구,4,4,,200,서울특별시 송파구 삼전로4길 3-11,#환경,1,서울특별시 송파구 삼전동 33-15,
143,126.998000000,37.564120000,중구청,2330.501931,다사55665175,04558,02-3396-4114,1,,,2023-01-13 17:02:20,,[],,&#91;착한소비&#93;제로웨이스트상점,,zerowaste_2023_034,KOR,,2,#0000FF,1,2023-01-13 17:02:20,,11103395,,,,중구,4,1,,201,서울특별시 중구 창경궁로 17,,1,서울특별시 중구 예관동 120-1,
144,126.873922753,37.544334726,지구살림터,10270.195154,다사44694962,07971,070-7670-1004,1,서울시제로마켓|,,2023-01-13 17:02:20,,"[126.873922753, 37.544334726]",,&#91;착한소비&#93;제로웨이스트상점,,zerowaste_0022,KOR,,2,#0000FF,1,2023-03-09 14:31:30,,11103395,,,/smgis/ucimgs/conts/11103395/11103395_zerowaste_20230309143130_1.jpg,양천구,4,3,,203,서울특별시 양천구 목동중앙북로16길 41,#환경,1,서울특별시 양천구 목동 536-1,
145,126.957772670,37.494634743,지구상점,7154.534372,다사52064406,07027,,1,아니요,,2023-01-13 17:02:21,,"[126.95777267, 37.494634743]",,&#91;착한소비&#93;제로웨이스트상점,,11103395_1657851981345,KOR,,2,#0000FF,1,2023-03-09 15:24:09,,11103395,,,,동작구,4,3,,204,서울특별시 동작구 상도로61길 54,#환경,1,서울특별시 동작구 상도동 507-11,
146,126.839770008,37.479727370,지구손길 제로샵,15916.008897,다사41624248,08364,02-2619-1106,1,서울시제로마켓|,,2023-01-13 17:02:21,,"[126.839770008, 37.47972737]",,&#91;착한소비&#93;제로웨이스트상점,,zerowaste_2022030,KOR,,2,#0000FF,1,2023-03-09 14:49:27,,11103395,,,,구로구,4,3,,208,서울특별시 구로구 천왕로 21,#환경,1,서울특별시 구로구 천왕동 274,
147,127.121604653,37.498736096,지미프로젝트,16081.487798,다사66554445,05706,070-8065-7655,1,서울시제로마켓|,,2023-01-13 17:02:19,,"[127.121604653, 37.498736096]",,&#91;착한소비&#93;제로웨이스트상점,,zerowaste_2022040,KOR,,2,#0000FF,1,2023-03-09 15:43:33,,11103395,,,,송파구,4,3,,209,서울특별시 송파구 오금로36길 66,#환경,1,서울특별시 송파구 가락동 46-20,
148,127.050686728,37.649852484,지평선,11454.107773,다사60366124,01417,,1,서울시제로마켓,,2023-01-13 17:02:20,,[],,&#91;착한소비&#93;제로웨이스트상점,,zerowaste_2022048,KOR,,2,#0000FF,1,2023-01-13 17:02:20,,11103395,,,,도봉구,4,3,,210,서울특별시 도봉구 노해로70길 54,#환경,1,서울특별시 도봉구 창동 27,
149,126.928490000,37.483280000,진서의정원,9313.892272,다사49474282,08776,02-876-2525,1,,,2023-01-13 17:02:20,,[],,&#91;착한소비&#93;제로웨이스트상점,,zerowaste_2023_047,KOR,,2,#0000FF,1,2023-01-13 17:02:20,,11103395,,,,관악구,4,1,,211,서울특별시 관악구 남부순환로176길 16,,1,서울특별시 관악구 신림동 1639-31,
150,127.014810000,37.565930000,충무아트센터_피스커피,4015.447204,다사57155195,04569,0507-1354-8173,1,,,2023-01-13 17:02:20,,[],,&#91;착한소비&#93;제로웨이스트상점,,zerowaste_2023_079,KOR,,2,#0000FF,1,2023-01-13 17:02:20,,11103395,,,,중구,4,1,,214,서울특별시 중구 퇴계로 387,,1,서울특별시 중구 흥인동 131,
151,126.924560529,37.573360510,카페 샘,5097.350956,다사49185282,03700,010-3646-4135,1,아니요,,2023-01-13 17:02:20,,[],,&#91;착한소비&#93;제로웨이스트상점,,zerowaste_0017,KOR,,2,#0000FF,1,2023-01-13 17:02:20,,11103395,,,,서대문구,4,1,,216,서울특별시 서대문구 홍제천로 86-1,#환경,1,서울특별시 서대문구 연희동 519-75,
152,126.933354265,37.607391238,카페 쓸 Cafe.SSSSl,5982.358259,다사49985659,03371,010-4054-4804,1,,,2023-01-13 17:02:22,,[],,&#91;착한소비&#93;제로웨이스트상점,,Cafe.SSSSL,KOR,,2,#0000FF,1,2023-01-13 17:02:22,,11103395,,,,은평구,4,1,,217,서울특별시 은평구 통일로 684,"#공간,#공원,#환경,#문화관광",1,서울특별시 은평구 녹번동 7,
153,126.891570000,37.528580000,카페 일마지오 본점_사내카페,9041.565420,다사46244787,07268,1644-6288,1,,,2023-01-13 17:02:21,,[],,&#91;착한소비&#93;제로웨이스트상점,,zerowaste_2023_017,KOR,,2,#0000FF,1,2023-01-13 17:02:21,,11103395,,,,영등포구,4,1,,218,서울특별시 영등포구 선유로 165,,1,서울특별시 영등포구 양평동3가 60,
154,127.079288082,37.612170384,카페535,11508.983483,다사62865705,02034,02-971-5351,1,서울시제로마켓,,2023-01-13 17:02:20,,"[127.079288082, 37.612170384]",,&#91;착한소비&#93;제로웨이스트상점,,zerowaste_2022054,KOR,,2,#0000FF,1,2023-03-10 14:01:00,,11103395,,,,중랑구,4,3,,220,서울특별시 중랑구 공릉로2길 23,#환경,1,서울특별시 중랑구 묵동 173-4,
155,126.911210000,37.584080000,카페겸,6653.983863,다사48015401,03677,0507-1410-1401,1,,,2023-01-13 17:02:22,,[],,&#91;착한소비&#93;제로웨이스트상점,,zerowaste_2023_098,KOR,,2,#0000FF,1,2023-01-13 17:02:22,,11103395,,,,서대문구,4,1,,221,서울특별시 서대문구 증가로 264,,1,서울특별시 서대문구 북가좌동 342-14,
156,126.839920000,37.565160000,카페드라무,13477.878440,다사41705196,07792, 02-3661-1204,1,,,2023-01-13 17:02:20,,[],,&#91;착한소비&#93;제로웨이스트상점,,zerowaste_2023_081,KOR,,2,#0000FF,1,2023-01-13 17:02:20,,11103395,,,,강서구,4,1,,222,서울특별시 강서구 강서로 443,,1,서울특별시 강서구 마곡동 784-6,
157,126.831370000,37.559700000,카페루시,14339.406586,다사40945135,07802,0507-1323-5609,1,,,2023-01-13 17:02:22,,[],,&#91;착한소비&#93;제로웨이스트상점,,zerowaste_2023_057,KOR,,2,#0000FF,1,2023-01-13 17:02:22,,11103395,,,,강서구,4,1,,224,서울특별시 강서구 공항대로 213,,1,서울특별시 강서구 마곡동 774-2,
158,127.083450000,37.534800000,카페블럭,11264.578343,다사63194846,05056,02-457-0416,1,,,2023-01-13 17:02:21,,[],,&#91;착한소비&#93;제로웨이스트상점,,zerowaste_2023_053,KOR,,2,#0000FF,1,2023-01-13 17:02:21,,11103395,,,,광진구,4,1,,225,서울특별시 광진구 자양로11길 10,,1,서울특별시 광진구 자양동 627-26,
159,126.891582499,37.528604317,카페일마지오,9039.459830,다사46244787,07268,,1,서울형다회용컵(리유저블컵),,2023-01-13 17:02:20,,[],,&#91;착한소비&#93;제로웨이스트상점,,11103395_1655165592924,KOR,,2,#0000FF,1,2023-01-13 17:02:20,,11103395,,,,영등포구,4,1,,227,서울특별시 영등포구 선유로 165,,1,서울특별시 영등포구 양평동3가 60,
160,126.974280000,37.572490000,카페자스 광화문,835.031886,다사53575269,03173,02-733-7071,1,,,2023-01-13 17:02:22,,[],,&#91;착한소비&#93;제로웨이스트상점,,zerowaste_2023_052,KOR,,2,#0000FF,1,2023-01-13 17:02:22,,11103395,,,,종로구,4,1,,228,서울특별시 종로구 새문안로5가길 3-1,,1,서울특별시 종로구 당주동 2-2,
161,126.829043000,37.558224600,카페조제,14577.247844,다사40735119,07631,010-3019-9772,1,,,2023-01-13 17:02:20,,[],,&#91;착한소비&#93;제로웨이스트상점,,zerowaste_2023_058,KOR,,2,#0000FF,1,2023-01-13 17:02:20,,11103395,,,,강서구,4,1,,229,서울특별시 강서구 마곡중앙4로 22,,1,서울특별시 강서구 마곡동 799-11,
162,127.066890000,37.507080000,칸틴커피대치,10842.925309,다사61724539,06176,02-568-1066,1,,,2023-01-13 17:02:22,,[],,&#91;착한소비&#93;제로웨이스트상점,,zerowaste_2023_029,KOR,,2,#0000FF,1,2023-01-13 17:02:22,,11103395,,,,강남구,4,1,,230,서울특별시 강남구 테헤란로114길 38,,1,서울특별시 강남구 대치동 1004,
163,127.025080000,37.586410000,커피수공업,5508.317189,다사58075421,02843,070-8724-9384,1,,,2023-01-13 17:02:22,,[],,&#91;착한소비&#93;제로웨이스트상점,,zerowaste_2023_044,KOR,,2,#0000FF,1,2023-01-13 17:02:22,,11103395,,,,성북구,4,1,,231,서울특별시 성북구 고려대로 51,,1,서울특별시 성북구 안암동2가 118-8,
164,127.026128860,37.639775735,커피에반하다 강북구청점,9145.869969,다사58196013,01071,02-999-6753,1,아니요,,2023-01-13 17:02:20,,[],,&#91;착한소비&#93;제로웨이스트상점,,zerowaste_0032,KOR,,2,#0000FF,1,2023-01-13 17:02:20,,11103395,,,,강북구,4,1,,232,서울특별시 강북구 한천로139길 10,#환경,1,서울특별시 강북구 수유동 190-49,
165,126.849050000,37.550580000,커피에이엠,12637.567379,다사42505033,07663,02-2605-7708,1,,,2023-01-13 17:02:21,,[],,&#91;착한소비&#93;제로웨이스트상점,,zerowaste_2023_088,KOR,,2,#0000FF,1,2023-01-13 17:02:21,,11103395,,,,강서구,4,1,,233,서울특별시 강서구 화곡로 296,,1,서울특별시 강서구 화곡동 980-21,
166,126.988620000,37.566580000,커피한약방,1413.543508,다사54835203,04542,070-4148-4242,1,,,2023-01-13 17:02:20,,[],,&#91;착한소비&#93;제로웨이스트상점,,zerowaste_2023_040,KOR,,2,#0000FF,1,2023-01-13 17:02:20,,11103395,,,,중구,4,1,,234,서울특별시 중구 삼일대로12길 16-6,,1,서울특별시 중구 을지로2가 101-34,
167,126.922495113,37.583811071,코스메틱미아,5577.979845,다사49015398,03672,,1,서울시제로마켓|,,2023-01-13 17:02:19,,"[126.922495113, 37.583811071]",,&#91;착한소비&#93;제로웨이스트상점,,zerowaste_2022047,KOR,,2,#0000FF,1,2023-03-09 17:52:32,,11103395,,,,서대문구,4,3,,235,서울특별시 서대문구 명지대7길 13,#환경,1,서울특별시 서대문구 남가좌동 3-6,
168,126.916290550,37.611634364,쿠아레비 구산점,7527.180484,다사48485707,03412,02-356-7885,1,아니요,,2023-01-13 17:02:22,,[],,&#91;착한소비&#93;제로웨이스트상점,,zerowaste_0058,KOR,,2,#0000FF,1,2023-01-13 17:02:22,,11103395,,,,은평구,4,1,,237,서울특별시 은평구 서오릉로 149,#환경,1,서울특별시 은평구 구산동 2-36,
169,127.121479908,37.534596039,큐클리프,14973.057746,다사66554843,05520,070-8712-0324,1,서울시제로마켓|,,2023-01-13 17:02:21,,"[127.121479908, 37.534596039]",,&#91;착한소비&#93;제로웨이스트상점,,zerowaste_2022026,KOR,,2,#0000FF,1,2023-03-09 16:18:18,,11103395,,,,송파구,4,3,,238,서울특별시 송파구 올림픽로57길 2,#환경,1,서울특별시 송파구 풍납동 490-7,
170,127.052215802,37.488221685,키퍼스마켓 (Keepers Market),10851.075413,다사60414331,06292,02-6080-4007,1,아니요,,2023-01-13 17:02:22,,"[127.052215802, 37.488221685]",,&#91;착한소비&#93;제로웨이스트상점,,zerowaste_0068,KOR,,2,#0000FF,1,2023-03-09 15:36:53,,11103395,,,/smgis/ucimgs/conts/11103395/11103395_zerowaste_20230309153653_1.png,강남구,4,5,,239,서울특별시 강남구 언주로30길 21,"#환경,#공간",1,서울특별시 강남구 도곡동 467-7,
171,126.890390000,37.579370000,타셋커피 로스터즈,8566.785526,다사46175350,03925,0507-1328-7270,1,,,2023-01-13 17:02:19,,[],,&#91;착한소비&#93;제로웨이스트상점,,zerowaste_2023_096,KOR,,2,#0000FF,1,2023-01-13 17:02:19,,11103395,,,,마포구,4,1,,240,서울특별시 마포구 월드컵북로 396,,1,서울특별시 마포구 상암동 1605,
172,126.904261281,37.557597642,타이거릴리,7073.784113,다사47385108,03958,0507-1361-5372,1,서울시제로마켓|,,2023-01-13 17:02:20,,"[126.90426, 37.5576]",,&#91;착한소비&#93;제로웨이스트상점,,zerowaste_0005,KOR,,2,#0000FF,1,2023-03-14 10:04:42,,11103395,,,,마포구,4,4,,241,서울특별시 마포구 포은로 119,#환경,1,서울특별시 마포구 망원동 422-19,
173,126.970116635,37.483385966,탄탄제로,8089.369947,다사53154281,07010,070-4035-3318,1,서울시제로마켓|,,2023-01-13 17:02:20,,"[126.970116635, 37.483385966]",,&#91;착한소비&#93;제로웨이스트상점,,zerowaste_2022036,KOR,,2,#0000FF,1,2023-03-09 15:27:21,,11103395,,,,동작구,4,3,,242,서울특별시 동작구 사당로16다길 56,#환경,1,서울특별시 동작구 사당동 272-35,
174,126.845540000,37.533230000,토프레소(호서 발산점),13280.459489,다사42174841,07770,0507-1322-2162,1,,,2023-01-13 17:02:21,,[],,&#91;착한소비&#93;제로웨이스트상점,,zerowaste_2023_083,KOR,,2,#0000FF,1,2023-01-13 17:02:21,,11103395,,,,강서구,4,1,,243,서울특별시 강서구 강서로 63,,1,서울특별시 강서구 화곡동 348-1,
175,126.980770000,37.568540000,투썸플레이스 예금보험공사,749.518012,다사54145225,04521,02-776-2388,1,,,2023-01-13 17:02:22,,[],,&#91;착한소비&#93;제로웨이스트상점,,zerowaste_2023_033,KOR,,2,#0000FF,1,2023-01-13 17:02:22,,11103395,,,,중구,4,1,,244,서울특별시 중구 청계천로 30,,1,서울특별시 중구 다동 33,
176,126.975240000,37.563810000,파리바게뜨 서소문로점,64.235893,다사53655173,04515,02-730-8288,1,,,2023-01-13 17:02:20,,[],,&#91;착한소비&#93;제로웨이스트상점,,zerowaste_2023_039,KOR,,2,#0000FF,1,2023-01-13 17:02:20,,11103395,,,,중구,4,1,,245,서울특별시 중구 서소문로 129,,1,서울특별시 중구 서소문동 26,
177,126.826607000,37.568625000,파머스빈 마곡나루점,14815.559851,다사40535235,07788,0507-1401-6520,1,,,2023-01-13 17:02:22,,[],,&#91;착한소비&#93;제로웨이스트상점,,zerowaste_2023_085,KOR,,2,#0000FF,1,2023-01-13 17:02:22,,11103395,,,,강서구,4,1,,246,서울특별시 강서구 마곡중앙5로1길 20,,1,서울특별시 강서구 마곡동 757-3,
178,126.934477482,37.545824223,퍼즐리,4419.595973,다사50044976,04088,02-1544-4253,1,서울시제로마켓|,,2023-01-13 17:02:21,,"[126.934477482, 37.545824223]",,&#91;착한소비&#93;제로웨이스트상점,,zerowaste_2022019,KOR,,2,#0000FF,1,2023-03-09 16:32:18,,11103395,,,,마포구,4,3,,248,서울특별시 마포구 신수로 46,,1,서울특별시 마포구 신수동 371-22,
179,126.908234762,37.581218003,페이퍼넛츠,6861.690726,다사47755370,03680,02-6408-7799,1,아니요,,2023-01-13 17:02:20,,[],,&#91;착한소비&#93;제로웨이스트상점,,zerowaste_0012,KOR,,2,#0000FF,1,2023-01-13 17:02:20,,11103395,,,,서대문구,4,1,,249,서울특별시 서대문구 거북골로24길 37-8,#환경,1,서울특별시 서대문구 북가좌동 346-2,
180,126.975220000,37.563110000,폴바셋 서소문점,116.500000,다사53655165,04514,02-779-9489,1,,,2023-01-13 17:02:20,,[],,&#91;착한소비&#93;제로웨이스트상점,,zerowaste_2023_061,KOR,,2,#0000FF,1,2023-01-13 17:02:20,,11103395,,,,중구,4,1,,251,서울특별시 중구 서소문로 124,,1,서울특별시 중구 서소문동 143,
181,127.047134086,37.503204284,플라워에이블,9466.679185,다사59974497,06211,0507-1320-4517,1,아니요,,2023-01-13 17:02:21,,"[127.04713408604016, 37.50320428380665]",,&#91;착한소비&#93;제로웨이스트상점,,zerowaste_0099,KOR,,2,#0000FF,1,2023-03-09 16:30:06,,11103395,,,/smgis/ucimgs/conts/11103395/11103395_zerowaste_20230309163006_1.png,강남구,4,5,,252,서울특별시 강남구 테헤란로52길 6,#환경,1,서울특별시 강남구 역삼동 707-38,
182,126.832720000,37.560630000,플립커피로스터스,14201.862915,다사41065146,07802,070-7543-6545,1,,,2023-01-13 17:02:21,,[],,&#91;착한소비&#93;제로웨이스트상점,,zerowaste_2023_086,KOR,,2,#0000FF,1,2023-01-13 17:02:21,,11103395,,,,강서구,4,1,,254,서울특별시 강서구 마곡중앙6로 45,,1,서울특별시 강서구 마곡동 772-5,
183,126.981870000,37.566490000,하나은행본점_사내카페,754.693481,다사54245202,04523,-,1,,,2023-01-13 17:02:20,,[],,&#91;착한소비&#93;제로웨이스트상점,,zerowaste_2023_042,KOR,,2,#0000FF,1,2023-01-13 17:02:20,,11103395,,,,중구,4,1,,255,서울특별시 중구 을지로 35,,1,서울특별시 중구 을지로1가 101-1,
184,126.799740000,37.560910000,한국공항공사_사내카페,17498.499829,다사38155151,07505,1661-2626,1,,,2023-01-13 17:02:20,,[],,&#91;착한소비&#93;제로웨이스트상점,,zerowaste_2023_049,KOR,,2,#0000FF,1,2023-01-13 17:02:20,,11103395,,,,강서구,4,1,,256,서울특별시 강서구 하늘길 78,,1,서울특별시 강서구 과해동 676,
185,126.842460000,37.549250000,한국폴리텍대학 강서캠퍼스_참人카페,13307.180477,다사41915019,07684,02-2186-5800,1,,,2023-01-13 17:02:22,,[],,&#91;착한소비&#93;제로웨이스트상점,,zerowaste_2023_035,KOR,,2,#0000FF,1,2023-01-13 17:02:22,,11103395,,,,강서구,4,1,,257,서울특별시 강서구 우장산로10길 112,,1,서울특별시 강서구 화곡동 산 60-1,
186,127.115920000,37.486210000,한스바이오매드,16130.450776,다사66044306,05836,02-466-2266,1,,,2023-01-13 17:02:22,,[],,&#91;착한소비&#93;제로웨이스트상점,,zerowaste_2023_067,KOR,,2,#0000FF,1,2023-01-13 17:02:22,,11103395,,,,송파구,4,1,,258,서울특별시 송파구 정의로8길 7,,1,서울특별시 송파구 문정동 640-3,
187,127.103860000,37.475130000,해달별 제로웨이스트 샵,15686.987482,다사64974184,06372,02-6969-0748,1,,,2023-03-02 15:16:17,,"[127.10386, 37.47513]",,&#91;착한소비&#93;제로웨이스트상점,,11103395_1677737670866,KOR,,2,,1,2023-03-09 15:39:11,,11103395,,,/smgis/ucimgs/conts/11103395/11103395_zerowaste_20230309153911_1.png,강남구,,4,,259,서울특별시 강남구 자곡로 191,#환경,1,서울특별시 강남구 자곡동 600,
188,126.902458195,37.483052558,해피플,10860.456296,다사47174281,08769,,1,서울시제로마켓|,,2023-01-13 17:02:21,,"[126.902458195, 37.483052558]",,&#91;착한소비&#93;제로웨이스트상점,,zerowaste_2022043,KOR,,2,#0000FF,1,2023-03-09 14:57:54,,11103395,,,,관악구,4,5,,261,서울특별시 관악구 조원로2길 14,#환경,1,서울특별시 관악구 신림동 1655-10,
189,126.916425014,37.600555772,햇빛상점,6870.787075,다사48485584,03409,02-3157-2649,1,서울시제로마켓,,2023-01-13 17:02:20,,[],,&#91;착한소비&#93;제로웨이스트상점,,11103395_1655687745208,KOR,,2,#0000FF,1,2023-01-13 17:02:20,,11103395,,,,은평구,4,3,,262,서울특별시 은평구 연서로 16,#환경,1,서울특별시 은평구 역촌동 44-2,
190,127.080319265,37.622943726,행복중심생협_새록 공릉점,12088.501799,다사62965824,01819,02-975-7145,1,아니요,,2023-01-13 17:02:21,,[],,&#91;착한소비&#93;제로웨이스트상점,,zerowaste_0065,KOR,,2,#0000FF,1,2023-01-13 17:02:21,,11103395,,,,노원구,4,4,,263,서울특별시 노원구 공릉로34길 23,#환경,1,서울특별시 노원구 공릉동 238-31,
191,127.055610000,37.543550000,행복커넥트 성수빌딩,8349.609108,다사60744945,04782,-,1,,,2023-01-13 17:02:20,,[],,&#91;착한소비&#93;제로웨이스트상점,,zerowaste_2023_080,KOR,,2,#0000FF,1,2023-01-13 17:02:20,,11103395,,,,성동구,4,1,,265,서울특별시 성동구 연무장5가길 25,,1,서울특별시 성동구 성수동2가 315-61,
192,126.977864954,37.566517812,행복플러스,395.665794,다사53885203,04524,02-733-1245,1,,,2023-01-13 17:02:22,,"[126.97786495363842, 37.56651781242905]",,&#91;착한소비&#93;제로웨이스트상점,,zerowaste_2023_015,KOR,,2,#0000FF,1,2023-04-07 13:33:31,,11103395,,,,중구,4,1,,267,서울특별시 중구 세종대로 110,,1,서울특별시 중구 태평로1가 31,
193,126.866417482,37.550760526,행복한나눔,10910.224067,다사44035034,07562,02-3861-8306,1,서울시제로마켓|,,2023-01-13 17:02:20,,"[126.866417482, 37.550760526]",,&#91;착한소비&#93;제로웨이스트상점,,zerowaste_2022025,KOR,,2,#0000FF,1,2023-03-09 14:30:27,,11103395,,,,강서구,4,3,,268,서울특별시 강서구 공항대로 543,#환경,1,서울특별시 강서구 염창동 312,
194,126.848527544,37.552653102,허그어웨일,12669.019543,다사42455056,07685,02-2038-7209,1,서울시제로마켓|,,2023-01-13 17:02:19,,"[126.848527544, 37.552653102]",,&#91;착한소비&#93;제로웨이스트상점,,zerowaste_202201,KOR,,2,#0000FF,1,2023-03-09 14:20:58,,11103395,,,,강서구,4,4,,269,서울특별시 강서구 화곡로55길 23,,1,서울특별시 강서구 화곡동 996-7,
195,126.928157733,37.580023799,협동플랫폼 카페이웃,4917.005913,다사49505355,03663,070-8118-0326,1,서울시제로마켓|,,2023-01-13 17:02:20,,"[126.928154, 37.580025]",,&#91;착한소비&#93;제로웨이스트상점,,zerowaste_0015,KOR,,2,#0000FF,1,2023-03-10 15:34:00,,11103395,,,,서대문구,4,1,,270,서울특별시 서대문구 가좌로 77,#환경,1,서울특별시 서대문구 홍은동 403-8,
196,127.051419581,37.581077975,휘카페,7856.982670,다사60395361,02557,070-8667-6332,1,아니요,,2023-01-13 17:02:21,,[],,&#91;착한소비&#93;제로웨이스트상점,,zerowaste_2022010,KOR,,2,#0000FF,1,2023-01-13 17:02:21,,11103395,,,,동대문구,4,1,,271,서울특별시 동대문구 서울시립대로 117,"#건강,#공간,#환경,#장애인",1,서울특별시 동대문구 전농동 127-75,
197,126.840373800,37.562411500,휘펍,13433.245011,다사41745165,07583,02-3662-8558,1,,,2023-01-13 17:02:21,,[],,&#91;착한소비&#93;제로웨이스트상점,,zerowaste_2023_084,KOR,,2,#0000FF,1,2023-01-13 17:02:21,,11103395,,,,강서구,4,1,,272,서울특별시 강서구 강서로56가길 63,,1,서울특별시 강서구 등촌동 679-2,
